Sun Oct 21 12:40:17,2765435722796230079
Sun Oct 21 12:40:22,2765435722796230079
Sun Oct 21 12:40:27,2765435722796230079
Sun Oct 21 12:40:32,2765435722796230079
Sun Oct 21 12:40:37,2765435722796230079
Sun Oct 21 12:40:42,2765435722796230079
Sun Oct 21 12:40:47,2765435722796230079
Sun Oct 21 12:40:52,2765435722796230079
Sun Oct 21 12:40:57,2765435722796230079
Sun Oct 21 12:41:02,2765435722796230079
Sun Oct 21 12:41:07,2765435722796230079
Sun Oct 21 12:41:12,2765435722796230079
Sun Oct 21 12:41:17,2765435722796230079
Sun Oct 21 12:41:22,2765435722796230079
Sun Oct 21 12:41:27,2765435722796230079
Sun Oct 21 12:41:32,2765435722796230079
Sun Oct 21 12:41:37,2765435722796230079
Sun Oct 21 12:41:42,2765435722796230079
Sun Oct 21 12:41:47,2765435722796230079
Sun Oct 21 12:41:52,2765435722796230079
Sun Oct 21 12:41:57,2765435722796230079
Sun Oct 21 12:42:02,2765435722796230079
Sun Oct 21 12:42:07,2765435722796230079
Sun Oct 21 12:42:12,2765435722796230079
Sun Oct 21 12:42:17,2765435722796230079
Sun Oct 21 12:42:22,2765435722796230079
Sun Oct 21 12:42:27,2765435722796230079
Sun Oct 21 12:42:33,2765435722796230079
Sun Oct 21 12:42:38,2765435722796230079
Sun Oct 21 12:42:43,2765435722796230079
Sun Oct 21 12:42:48,2765435722796230079
Sun Oct 21 12:42:53,2765435722796230079
Sun Oct 21 12:42:58,2765435722796230079
Sun Oct 21 12:43:03,2765435722796230079
Sun Oct 21 12:43:08,2765435722796230079
Sun Oct 21 12:43:13,2765435722796230079
Sun Oct 21 12:43:18,2765435722796230079
Sun Oct 21 12:43:23,2765435722796230079
Sun Oct 21 12:43:28,2765435722796230079
Sun Oct 21 12:43:33,2765435722796230079
Sun Oct 21 12:43:38,2765435722796230079
Sun Oct 21 12:43:43,2765435722796230079
Sun Oct 21 12:43:48,2765435722796230079
Sun Oct 21 12:43:53,2765435722796230079
Sun Oct 21 12:43:58,2765435722796230079
Sun Oct 21 12:44:03,2765435722796230079
Sun Oct 21 12:44:08,2765435722796230079
Sun Oct 21 12:44:13,2765435722796230079
Sun Oct 21 12:44:19,2765435722796230079
Sun Oct 21 12:44:24,2765435722796230079
Sun Oct 21 12:44:29,2765435722796230079
Sun Oct 21 12:44:34,2765435722796230079
Sun Oct 21 12:44:39,2765435722796230079
Sun Oct 21 12:44:44,2765435722796230079
Sun Oct 21 12:44:49,2765435722796230079
Sun Oct 21 12:44:54,2765435722796230079
Sun Oct 21 12:44:59,2765435722796230079
Sun Oct 21 12:45:04,2765435722796230079
Sun Oct 21 12:45:09,2765435722796230079
Sun Oct 21 12:45:14,2765435722796230079
Sun Oct 21 12:45:19,2765435722796230079
Sun Oct 21 12:45:24,2765435722796230079
